modal_name,modal_price,modal_rating,modal_img,modal_rating_count,modal_review_count
0,ASUS NVIDIA Dual NVIDIA GeForce RTX3050-8G-V2 Gaming Graphics card 8 GB GDDR6 Graphics Card,29999,No rating,https://rukminim2.flixcart.com/image/416/416/xif0q/graphics-card/n/j/t/dual-nvidia-geforce-rtx3050-8g-v2-gaming-graphics-card-asus-original-imagtykq4jvaawht.jpeg?q=70&crop=false,No rating ,No rating 
1,ASUS AMD Radeon DUAL-RX6600-8G-V2/ DUAL-RX6600-8G-V3 8 GB GDDR6 Graphics Card,21699,['4.6'],https://rukminim2.flixcart.com/image/416/416/xif0q/graphics-card/l/f/4/dual-amd-radeon-rx-6600-8gb-gddr6-gaming-graphics-card-asus-original-imagtms6m22jhnya.jpeg?q=70&crop=false,50,3
2,Inno3D NVIDIA GeForce RTX 3050 TWIN X2 8 GB GDDR6 Graphics Card,16599,['4.4'],https://rukminim2.flixcart.com/image/416/416/xif0q/graphics-card/r/s/d/geforce-rtx-3050-twin-x2-inno3d-original-imagvh5bffc7r8pg.jpeg?q=70&crop=false,19,2
3,ZOTAC NVIDIA GeForce RTX 4060 8GB Twin Edge 8 GB GDDR6 Graphics Card,26999,['4.6'],https://rukminim2.flixcart.com/image/416/416/xif0q/graphics-card/e/e/v/geforce-rtx-4060-8gb-twin-edge-zotac-original-imaguxhdmegjwuny.jpeg?q=70&crop=false,76,10
4,ZOTAC NVIDIA GAMING GEFORCE RTX 3050 ECO 8 GB GDDR6 Graphics Card,18999,['4.4'],https://rukminim2.flixcart.com/image/416/416/xif0q/graphics-card/g/h/y/4895173626524-zotac-original-imagt6xwech6kvyr.jpeg?q=70&crop=false,70,9
5,ASUS AMD/ATI TUF Gaming Radeon RX 7800 XT OC Edition 16 GB GDDR6 Graphics Card,55949,No rating,https://rukminim2.flixcart.com/image/416/416/xif0q/graphics-card/x/q/m/tuf-gaming-radeon-rx-7800-xt-oc-edition-asus-original-imagy7yhtmthgtzw.jpeg?q=70&crop=false,No rating ,No rating 
6,ZOTAC NVIDIA GeForce RTX 3060 Twin Edge 12 GB GDDR6 Graphics Card,24499,['4.5'],https://rukminim2.flixcart.com/image/416/416/xif0q/graphics-card/g/s/b/geforce-rtx-3060-twin-edge-zotac-original-imagqbmgnkrh9n65.jpeg?q=70&crop=false,96,7
7,NULL,NULL,NULL,NULL,NULL,NULL
8,MSI NVIDIA GeForce RTX 4060 VENTUS 2X BLACK 8G OC 8 GB GDDR6 Graphics Card,26999,['4.7'],https://rukminim2.flixcart.com/image/416/416/xif0q/graphics-card/x/y/x/geforce-rtx-4060-ventus-2x-black-8g-oc-msi-original-imagt5y9h9npx6vg.jpeg?q=70&crop=false,30,1
9,"GIGABYTE NVIDIA Geforce RTX 4060 Eagle Oc 8G, 3X Windforce Fans, 128-Bit Gddr6, Gv-N4060Eagle 8 GB GDDR6 Graphics Card",27999,['4.7'],https://rukminim2.flixcart.com/image/416/416/xif0q/graphics-card/u/4/d/gv-n4060eagle-oc-8gd-gigabyte-original-imahy7m5zkzt5uaf.jpeg?q=70&crop=false,17,3
10,ASUS NVIDIA DUAL RTX4060TI OC 8GB GDDR6 Gaming Graphics card 8 GB GDDR6 Graphics Card,47500,No rating,https://rukminim2.flixcart.com/image/416/416/xif0q/graphics-card/e/q/b/dual-rtx4060ti-oc-8gb-gddr6-gaming-graphics-card-asus-original-imagtyhxu23ck7y3.jpeg?q=70&crop=false,No rating ,No rating 
11,ASUS AMD/ATI TUF Gaming Radeon RX 7900 XT OC Edition 20 GB GDDR6 Graphics Card,80899,No rating,https://rukminim2.flixcart.com/image/416/416/xif0q/graphics-card/v/n/l/tuf-gaming-radeon-rx-7900-xt-oc-edition-asus-original-imagy7yhffqjkddw.jpeg?q=70&crop=false,No rating ,No rating 
12,ZOTAC NVIDIA GAMING GeForce GTX 1650 AMP Core GDDR6 4 GB GDDR6 Graphics Card,12999,['4.7'],https://rukminim2.flixcart.com/image/416/416/xif0q/graphics-card/g/q/p/gaming-geforce-gtx-1650-amp-core-gddr6-zotac-original-imagqczq4yj6s3gt.jpeg?q=70&crop=false,58,8
13,GIGABYTE NVIDIA GeForce RTX 3060 pci_e_x16 WINDFORCE OC 12GD (GV-N3060WF2OC-12GD) 12 GB GDDR6 Graphics Card,24999,['4.6'],https://rukminim2.flixcart.com/image/416/416/xif0q/graphics-card/0/l/v/gv-n3060wf2oc-12gb-gigabyte-original-imagrzuzbfer8utg.jpeg?q=70&crop=false,40,6
14,NULL,NULL,NULL,NULL,NULL,NULL
15,NULL,NULL,NULL,NULL,NULL,NULL
16,GIGABYTE NVIDIA GeForce GTX 1650 D6 pci_e_x16 WINDFORCE OC 4GD (GV-N1656WF2OC-4GD) 4 GB GDDR6 Graphics Card,12899,['4.4'],https://rukminim2.flixcart.com/image/416/416/kfvfwy80/graphics-card/m/s/s/gigabyte-gv-n1656wf2oc-4gd-original-imafw8m2mmcgtzre.jpeg?q=70&crop=false,69,8
17,Inno3D NVIDIA GEFORCE RTX 4060 Ti TWIN X2 8 GB GDDR6 Graphics Card,36299,['4.8'],https://rukminim2.flixcart.com/image/416/416/xif0q/graphics-card/u/e/7/-original-imagrfry9ub4zx7m.jpeg?q=70&crop=false,4,0
18,ZOTAC NVIDIA GeForce RTX 4060 Ti Twin Edge 8 GB GDDR6 Graphics Card,36999,['4.9'],https://rukminim2.flixcart.com/image/416/416/xif0q/graphics-card/w/o/b/geforce-rtx-4060-ti-twin-edge-zotac-original-imagq2ymxjwa3y9n.jpeg?q=70&crop=false,21,5
19,ZOTAC NVIDIA RTX 3060 Twin Edge OC 12 GB GDDR6 Graphics Card,25999,['4.6'],https://rukminim2.flixcart.com/image/416/416/kwtkxow0/graphics-card/v/q/a/rtx-3060-twin-edge-oc-zotac-original-imag9ez5dw7ggvju.jpeg?q=70&crop=false,66,4
20,NULL,NULL,NULL,NULL,NULL,NULL
21,NULL,NULL,NULL,NULL,NULL,NULL
22,Inno3D NVIDIA GEFORCE RTX 3060 TWIN X2 12 GB GDDR6 Graphics Card,24499,['4.3'],https://rukminim2.flixcart.com/image/416/416/l1whaq80/graphics-card/f/m/k/geforce-rtx-3060-twin-x2-inno-3d-original-imagdd66zb6c9gtd.jpeg?q=70&crop=false,183,28
23,ZOTAC NVIDIA GAMING GeForce RTX 4070 SUPER TWIN EDGE 12 GB GDDR6X Graphics Card,59299,['4.8'],https://rukminim2.flixcart.com/image/416/416/xif0q/graphics-card/g/6/e/gaming-geforce-rtx-4070-super-twin-edge-zotac-original-imagxaphrhu49h3y.jpeg?q=70&crop=false,5,0
24,MSI NVIDIA GeForce RTX 3060 VENTUS 2X 12G OC 12GB GDDR6 192-bit 12 GB GDDR6 Graphics Card,26999,['4.6'],https://rukminim2.flixcart.com/image/416/416/l3bx5e80/graphics-card/h/i/w/geforce-rtx-3060-ventus-2x-12g-oc-12gb-gddr6-192-bit-msi-original-imageh5fuag43pr6.jpeg?q=70&crop=false,84,13
25,NULL,NULL,NULL,NULL,NULL,NULL
26,ZOTAC NVIDIA GAMING GeForce RTX 4070 Twin Edge 12 GB GDDR6X Graphics Card,52099,['4.4'],https://rukminim2.flixcart.com/image/416/416/xif0q/graphics-card/y/k/c/gaming-geforce-rtx-4070-twin-edge-zotac-original-imagqcrfpbka2wn9.jpeg?q=70&crop=false,7,1
27,ZOTAC NVIDIA GAMING GeForce RTX 4070 Ti SUPER Trinity Black Edition 16 GB GDDR6X Graphics Card,78999,['4.6'],https://rukminim2.flixcart.com/image/416/416/xif0q/graphics-card/v/i/p/gaming-geforce-rtx-4070-ti-super-trinity-black-edition-zotac-original-imagxarx8hqkdatq.jpeg?q=70&crop=false,10,3
28,Colorful NVIDIA Battle AX Mainstream 6 GB GDDR6 Graphics Card,13999,No rating,https://rukminim2.flixcart.com/image/416/416/xif0q/graphics-card/i/h/r/battle-ax-mainstream-colorful-original-imah3q58ba8gtnew.jpeg?q=70&crop=false,No rating ,No rating 
29,MSI AMD Radeon RX 6400 AERO ITX 4G 4 GB GDDR6 Graphics Card,11499,['4.2'],https://rukminim2.flixcart.com/image/416/416/l3bx5e80/graphics-card/w/k/a/radeon-rx-6400-aero-itx-4g-4gb-gddr6-64-bit-msi-original-imageh5fedgaxm9z.jpeg?q=70&crop=false,45,9
30,NULL,NULL,NULL,NULL,NULL,NULL
31,ZOTAC NVIDIA GAMING GeForce RTX 4070 Ti SUPER Trinity OC White Edition 16 GB GDDR6X Graphics Card,81999,['5'],https://rukminim2.flixcart.com/image/416/416/xif0q/graphics-card/v/q/j/gaming-geforce-rtx-4070-ti-super-trinity-oc-white-edition-zotac-original-imagxarjndhry2nz.jpeg?q=70&crop=false,3,0
32,NULL,NULL,NULL,NULL,NULL,NULL
33,MSI NVIDIA GeForce RTX 4060 Ti Ventus 2X Black 8G OC 8 GB GDDR6 Graphics Card,38319,['3.3'],https://rukminim2.flixcart.com/image/416/416/xif0q/graphics-card/0/g/j/geforce-rtx-4060-ti-ventus-2x-black-8g-oc-msi-original-imagt5y4umhbtzzr.jpeg?q=70&crop=false,9,0
34,NULL,NULL,NULL,NULL,NULL,NULL
35,ASUS AMD/ATI Dual Radeon RX 7600 XT OC Edition 16 GB GDDR6 Graphics Card,33290,['4.4'],https://rukminim2.flixcart.com/image/416/416/xif0q/graphics-card/x/e/c/dual-radeon-rx-7600-xt-oc-edition-asus-original-imagy7yj5ntyhvfk.jpeg?q=70&crop=false,5,0
36,NULL,NULL,NULL,NULL,NULL,NULL
37,ZOTAC NVIDIA GEFORCE RTX 4060 TWIN EDGE OC White Edition 8 GB GDDR6 Graphics Card,30299,['4.8'],https://rukminim2.flixcart.com/image/416/416/xif0q/graphics-card/b/v/k/geforce-rtx-4060-twin-edge-oc-white-edition-zotac-original-imagrdkezgmgvd2b.jpeg?q=70&crop=false,19,2
38,Sapphire AMD/ATI PURE AMD RADEON� RX 7700 XT 12 GB GDDR6 Graphics Card,43199,No rating,https://rukminim2.flixcart.com/image/416/416/xif0q/graphics-card/x/t/y/pure-amd-radeon-rx-7700-xt-sapphire-original-imagtvqtpvfepwhg.jpeg?q=70&crop=false,No rating ,No rating 
39,NULL,NULL,NULL,NULL,NULL,NULL
40,ASUS NVIDIA Dual NVIDIA GeForce RTX3050-8G-V2 Gaming Graphics card 8 GB GDDR6 Graphics Card,29999,No rating,https://rukminim2.flixcart.com/image/416/416/xif0q/graphics-card/n/j/t/dual-nvidia-geforce-rtx3050-8g-v2-gaming-graphics-card-asus-original-imagtykq4jvaawht.jpeg?q=70&crop=false,No rating ,No rating 
41,ASUS AMD Radeon DUAL-RX6600-8G-V2/ DUAL-RX6600-8G-V3 8 GB GDDR6 Graphics Card,21699,['4.6'],https://rukminim2.flixcart.com/image/416/416/xif0q/graphics-card/l/f/4/dual-amd-radeon-rx-6600-8gb-gddr6-gaming-graphics-card-asus-original-imagtms6m22jhnya.jpeg?q=70&crop=false,50,3
42,Inno3D NVIDIA GEFORCE GTX 1630 TWIN X2 OC 4 GB GDDR6 Graphics Card,14999,['4.1'],https://rukminim2.flixcart.com/image/416/416/xif0q/graphics-card/p/f/4/geforce-gtx-1630-twin-x2-oc-inno3d-original-imaggefjkswbgztz.jpeg?q=70&crop=false,73,14
43,Inno3D NVIDIA GEFORCE RTX 4070 SUPER TWIN X2 12 GB GDDR6X Graphics Card,58689,No rating,https://rukminim2.flixcart.com/image/416/416/xif0q/graphics-card/f/n/e/geforce-rtx-4070-super-twin-x2-inno3d-original-imagydrhndzyuknk.jpeg?q=70&crop=false,No rating ,No rating 
44,ZOTAC NVIDIA GAMING GeForce RTX 4080 SUPER Trinity Black Edition 16 GB GDDR6X Graphics Card,107499,['4.7'],https://rukminim2.flixcart.com/image/416/416/xif0q/graphics-card/1/d/5/gaming-geforce-rtx-4080-super-trinity-black-edition-zotac-original-imagxat9z5ab6kum.jpeg?q=70&crop=false,3,1
45,NULL,NULL,NULL,NULL,NULL,NULL
46,ASUS AMD/ATI TUF Gaming Radeon RX 7800 XT OC Edition 16 GB GDDR6 Graphics Card,55949,No rating,https://rukminim2.flixcart.com/image/416/416/xif0q/graphics-card/x/q/m/tuf-gaming-radeon-rx-7800-xt-oc-edition-asus-original-imagy7yhtmthgtzw.jpeg?q=70&crop=false,No rating ,No rating 
47,ASUS NVIDIA DUAL RTX4060TI OC 8GB GDDR6 Gaming Graphics card 8 GB GDDR6 Graphics Card,47500,No rating,https://rukminim2.flixcart.com/image/416/416/xif0q/graphics-card/e/q/b/dual-rtx4060ti-oc-8gb-gddr6-gaming-graphics-card-asus-original-imagtyhxu23ck7y3.jpeg?q=70&crop=false,No rating ,No rating 
48,ZOTAC NVIDIA GAMING GEFORCE GTX1650 DUAL FAN 4 GB GDDR6 Graphics Card,12499,['4.5'],https://rukminim2.flixcart.com/image/416/416/xif0q/graphics-card/v/q/m/zt-t16520j-10l-zotac-original-imagt6xxendfqacr.jpeg?q=70&crop=false,370,41
49,NULL,NULL,NULL,NULL,NULL,NULL
50,ASUS AMD/ATI TUF Gaming Radeon RX 7900 XT OC Edition 20 GB GDDR6 Graphics Card,80899,No rating,https://rukminim2.flixcart.com/image/416/416/xif0q/graphics-card/v/n/l/tuf-gaming-radeon-rx-7900-xt-oc-edition-asus-original-imagy7yhffqjkddw.jpeg?q=70&crop=false,No rating ,No rating 
51,NULL,NULL,NULL,NULL,NULL,NULL
52,ZOTAC NVIDIA GAMING GEFORCE RTX 4060 16 GB GDDR6 Graphics Card,44531,No rating,https://rukminim2.flixcart.com/image/416/416/xif0q/graphics-card/m/p/y/gaming-geforce-rtx-4060-zotac-original-imagx6bvnbcpttqw.jpeg?q=70&crop=false,No rating ,No rating 
53,Sapphire AMD/ATI PULSE AMD RADEON� RX 7800 XT 16 GB GDDR6 Graphics Card,52299,No rating,https://rukminim2.flixcart.com/image/416/416/xif0q/graphics-card/w/w/r/pulse-amd-radeon-rx-7800-xt-sapphire-original-imagtvqzgfpxnw7j.jpeg?q=70&crop=false,No rating ,No rating 
54,ZOTAC NVIDIA RTX 3050 Twin Edge 8 GB GDDR6 Graphics Card,28699,['4.2'],https://rukminim2.flixcart.com/image/416/416/kz1lle80/graphics-card/o/o/m/rtx-3050-twin-edge-zotac-original-imagb4fzpwpzyked.jpeg?q=70&crop=false,63,10
55,GIGABYTE Intel GV-IA380WF2OC-6GD 6 GB GDDR6 Graphics Card,13299,['4.7'],https://rukminim2.flixcart.com/image/416/416/xif0q/graphics-card/z/w/l/gv-ia380wf2oc-6gd-gigabyte-original-imagsuxtysfgszda.jpeg?q=70&crop=false,9,0
56,Inno3D NVIDIA GEFORCE RTX 4070 Ti SUPER X3 OC 16 GB GDDR6X Graphics Card,79495,No rating,https://rukminim2.flixcart.com/image/416/416/xif0q/graphics-card/j/7/v/geforce-rtx-4070-ti-super-x3-oc-inno3d-original-imagydrzbnbfhbsd.jpeg?q=70&crop=false,No rating ,No rating 
57,NULL,NULL,NULL,NULL,NULL,NULL
58,NULL,NULL,NULL,NULL,NULL,NULL
59,GIGABYTE NVIDIA GV-N3050WF2OC-6GD GeForce RTX 3050 WINDFORCE OC 6 GB GDDR6 Graphics Card,17690,No rating,https://rukminim2.flixcart.com/image/416/416/xif0q/graphics-card/c/v/n/gv-n3050wf2oc-6gd-geforce-rtx-3050-windforce-oc-gigabyte-original-imah2m7gvusxfykk.jpeg?q=70&crop=false,No rating ,No rating 
60,Colorful NVIDIA Battle AX Mainstream 12 GB GDDR6 Graphics Card,22999,No rating,https://rukminim2.flixcart.com/image/416/416/xif0q/graphics-card/s/y/a/battle-ax-mainstream-colorful-original-imah3q58tzc6hxhv.jpeg?q=70&crop=false,No rating ,No rating 
61,"AMD AMD Radeon Sapphire Pulse Radeon RX 6500 XT Gaming Graphics Card with 4GB GDDR6, RDNA™ 2 4 GB GDDR6 Graphics Card",16799,['4.3'],https://rukminim2.flixcart.com/image/416/416/l0vbukw0/graphics-card/t/a/w/sapphire-pulse-radeon-rx-6500-xt-gaming-graphics-card-with-4gb-original-imagckhgdkxctgfs.jpeg?q=70&crop=false,8,1
62,NULL,NULL,NULL,NULL,NULL,NULL
63,NULL,NULL,NULL,NULL,NULL,NULL
64,NULL,NULL,NULL,NULL,NULL,NULL
65,AMD AMD Radeon RX 6600 8 GB GDDR6 Graphics Card,25999,['4.6'],https://rukminim2.flixcart.com/image/416/416/l3dcl8w0/graphics-card/e/1/p/rx-6600-amd-original-imagegbjmqwwgaab.jpeg?q=70&crop=false,28,5
66,NULL,NULL,NULL,NULL,NULL,NULL
67,Inno3D NVIDIA GEFORCE RTX 4060 TWIN X2 8 GB GDDR6 Graphics Card,27999,['4.7'],https://rukminim2.flixcart.com/image/416/416/xif0q/graphics-card/q/l/w/geforce-rtx-4060-twin-x2-inno3d-original-imahfekqphzmgrmm.jpeg?q=70&crop=false,7,1
68,MSI NVIDIA GTX 1650 Ventus XS OCV1 4 GB GDDR6 Graphics Card,20000,No rating,https://rukminim2.flixcart.com/image/416/416/kg40k280/graphics-card/g/c/h/msi-gtx-1650-ventus-xs-ocv1-original-imafweg7mfzrzaet.jpeg?q=70&crop=false,No rating ,No rating 
69,ZOTAC NVIDIA GAMING GeForce RTX 3050 Solo 8 GB GDDR6 Graphics Card,20209,['4.3'],https://rukminim2.flixcart.com/image/416/416/xif0q/graphics-card/g/p/y/gaming-geforce-rtx-3050-solo-zotac-original-imagqbrchm95egjn.jpeg?q=70&crop=false,10,0
70,ASRock AMD Radeon RX6600 CLD 8 GB GDDR6 Graphics Card,32999,['4.7'],https://rukminim2.flixcart.com/image/416/416/l2m78280/graphics-card/y/t/t/rx6600-cld-asrock-original-imagdxayngdmaeeb.jpeg?q=70&crop=false,26,6
71,NULL,NULL,NULL,NULL,NULL,NULL
72,Inno3D NVIDIA GeForce RTX 2060 Super Twin X2 OC 8 GB GDDR6 Graphics Card,29999,['4.6'],https://rukminim2.flixcart.com/image/416/416/xif0q/graphics-card/o/q/q/n20602-06d6-1710va15l-geforce-original-imagfwczaukxds3s.jpeg?q=70&crop=false,10,1
73,ASRock AMD Radeon RX6600XT CLD 8 GB GDDR6 Graphics Card,29999,['4.5'],https://rukminim2.flixcart.com/image/416/416/l2m78280/graphics-card/i/g/8/rx6600xt-cld-asrock-original-imagdxa2skgpfdkc.jpeg?q=70&crop=false,25,4
74,MSI NVIDIA GeForce RTX 3070 VENTUS 3X PLUS 8G OC LHR 8GB GDDR6 256-bit 8 GB GDDR6 Graphics Card,44999,['4.8'],https://rukminim2.flixcart.com/image/416/416/l3bx5e80/graphics-card/g/r/j/geforce-rtx-3070-ventus-3x-plus-8g-oc-lhr-8gb-gddr6-256-bit-msi-original-imageh5fsypchuap.jpeg?q=70&crop=false,5,0
75,Sapphire AMD/ATI NITRO+ AMD RADEON� RX 7700 XT 12 GB GDDR6 Graphics Card,53499,No rating,https://rukminim2.flixcart.com/image/416/416/xif0q/graphics-card/k/n/c/nitro-amd-radeon-rx-7700-xt-sapphire-original-imagtvqnxeghfybh.jpeg?q=70&crop=false,No rating ,No rating 
76,Sapphire AMD/ATI PURE AMD Radeon RX 7800 XT 16GB 16 GB GDDR6 Graphics Card,52899,No rating,https://rukminim2.flixcart.com/image/416/416/xif0q/graphics-card/j/x/j/pure-amd-radeon-rx-7800-xt-16gb-sapphire-original-imagvz39awdehuzx.jpeg?q=70&crop=false,No rating ,No rating 
77,MSI NVIDIA RTX 3060 Ti 8 GB GDDR6 Graphics Card,44999,['4.6'],https://rukminim2.flixcart.com/image/416/416/kqpj4i80/graphics-card/d/q/0/geforce-rtx-3060-ti-ventus-2x-ocv1-256-bit-l-pci-express-gen-4-original-imag4nyuytsgawk8.jpeg?q=70&crop=false,93,8
78,ZOTAC NVIDIA GAMING GeForce RTX 4080 Trinity OC 16 GB GDDR6X Graphics Card,114999,No rating,https://rukminim2.flixcart.com/image/416/416/xif0q/graphics-card/6/f/b/gaming-geforce-rtx-4080-trinity-oc-zotac-original-imagqcvcen3k4dvz.jpeg?q=70&crop=false,No rating ,No rating 
79,MSI NVIDIA GeForce RTX 3070 Ti VENTUS 3X 8G OC 8 GB GDDR6X Graphics Card,47999,['4.4'],https://rukminim2.flixcart.com/image/416/416/l1xwqkw0/graphics-card/8/a/d/geforce-rtx-3070-ti-ventus-3x-8g-oc-msi-original-imagdefzdn56xgzn.jpeg?q=70&crop=false,18,3
80,ASUS NVIDIA Dual NVIDIA GeForce RTX3050-8G-V2 Gaming Graphics card 8 GB GDDR6 Graphics Card,29999,No rating,https://rukminim2.flixcart.com/image/416/416/xif0q/graphics-card/n/j/t/dual-nvidia-geforce-rtx3050-8g-v2-gaming-graphics-card-asus-original-imagtykq4jvaawht.jpeg?q=70&crop=false,No rating ,No rating 
81,ASUS AMD Radeon DUAL-RX6600-8G-V2/ DUAL-RX6600-8G-V3 8 GB GDDR6 Graphics Card,21699,['4.6'],https://rukminim2.flixcart.com/image/416/416/xif0q/graphics-card/l/f/4/dual-amd-radeon-rx-6600-8gb-gddr6-gaming-graphics-card-asus-original-imagtms6m22jhnya.jpeg?q=70&crop=false,50,3
82,NULL,NULL,NULL,NULL,NULL,NULL
83,Inno3D NVIDIA GEFORCE RTX 3060 Twin X2 OC 12 GB GDDR6 Graphics Card,35966,['3.2'],https://rukminim2.flixcart.com/image/416/416/xif0q/graphics-card/y/n/1/geforce-rtx-3060-twin-x2-oc-inno3d-original-imagcbxq9venacjm.jpeg?q=70&crop=false,9,0
84,NULL,NULL,NULL,NULL,NULL,NULL
85,MSI NVIDIA GeForce RTX 4070 Ti SUPER 16G VENTUS 3X OC 16 GB GDDR6X Graphics Card,91048,No rating,https://rukminim2.flixcart.com/image/416/416/xif0q/graphics-card/k/m/c/geforce-rtx-4070-ti-super-16g-ventus-3x-oc-msi-original-imagxjwyuzywcgvc.jpeg?q=70&crop=false,No rating ,No rating 
86,ASUS AMD/ATI TUF Gaming Radeon RX 7800 XT OC Edition 16 GB GDDR6 Graphics Card,55949,No rating,https://rukminim2.flixcart.com/image/416/416/xif0q/graphics-card/x/q/m/tuf-gaming-radeon-rx-7800-xt-oc-edition-asus-original-imagy7yhtmthgtzw.jpeg?q=70&crop=false,No rating ,No rating 
87,ASUS NVIDIA DUAL RTX4060TI OC 8GB GDDR6 Gaming Graphics card 8 GB GDDR6 Graphics Card,47500,No rating,https://rukminim2.flixcart.com/image/416/416/xif0q/graphics-card/e/q/b/dual-rtx4060ti-oc-8gb-gddr6-gaming-graphics-card-asus-original-imagtyhxu23ck7y3.jpeg?q=70&crop=false,No rating ,No rating 
88,MSI NVIDIA RTX 3090 VENTUS 24 GB GDDR6X Graphics Card,154999,No rating,https://rukminim2.flixcart.com/image/416/416/l0lbrm80/graphics-card/5/g/x/rtx-3090-ventus-msi-original-imagccn2kczfe2cb.jpeg?q=70&crop=false,No rating ,No rating 
89,Colorful NVIDIA GT-1050 4 GB DDR5 Graphics Card,13499,No rating,https://rukminim2.flixcart.com/image/416/416/l37mtu80/graphics-card/o/m/c/mainstream-colorful-original-imagedphztj2ssvw.jpeg?q=70&crop=false,No rating ,No rating 
90,ASUS AMD/ATI TUF Gaming Radeon RX 7900 XT OC Edition 20 GB GDDR6 Graphics Card,80899,No rating,https://rukminim2.flixcart.com/image/416/416/xif0q/graphics-card/v/n/l/tuf-gaming-radeon-rx-7900-xt-oc-edition-asus-original-imagy7yhffqjkddw.jpeg?q=70&crop=false,No rating ,No rating 
91,MSI NVIDIA GeForce RTX 4070 Ti SUPER 16G GAMING X SLIM 16 GB GDDR6X Graphics Card,100199,No rating,https://rukminim2.flixcart.com/image/416/416/xif0q/graphics-card/3/c/a/geforce-rtx-4070-ti-super-16g-gaming-x-slim-msi-original-imagxjwwfzzzpczs.jpeg?q=70&crop=false,No rating ,No rating 
92,NULL,NULL,NULL,NULL,NULL,NULL
93,Colorful NVIDIA Battle AX Mainstream 8 GB GDDR6 Graphics Card,27999,No rating,https://rukminim2.flixcart.com/image/416/416/xif0q/graphics-card/j/y/1/battle-ax-mainstream-colorful-original-imah3q58tzrutt4v.jpeg?q=70&crop=false,No rating ,No rating 
94,ASRock AMD Radeon RX6600XT PGD 8 GB GDDR6 Graphics Card,39999,['4.6'],https://rukminim2.flixcart.com/image/416/416/l2m78280/graphics-card/0/o/s/rx6600xt-pgd-asrock-original-imagdxa3sdnkfpws.jpeg?q=70&crop=false,22,3
95,ZOTAC NVIDIA GAMING GeForce RTX 4060 Ti 8GB Twin Edge OC White Edition 8 GB GDDR6X Graphics Card,40549,No rating,https://rukminim2.flixcart.com/image/416/416/xif0q/graphics-card/i/l/m/gaming-geforce-rtx-4060-ti-8gb-twin-edge-oc-white-edition-zotac-original-imagqcrc9zfuefdu.jpeg?q=70&crop=false,No rating ,No rating 
96,MSI NVIDIA GeForce RTX 4070 SUPER 12G GAMING X SLIM 12 GB GDDR6X Graphics Card,83999,No rating,https://rukminim2.flixcart.com/image/416/416/xif0q/graphics-card/e/i/q/geforce-rtx-4070-super-12g-gaming-x-slim-msi-original-imagxhg69ysjngvj.jpeg?q=70&crop=false,No rating ,No rating 
97,Inno3D NVIDIA GEFORCE RTX 3050 TWIN X2 8 GB GDDR6 Graphics Card,31199,['4.2'],https://rukminim2.flixcart.com/image/416/416/xif0q/graphics-card/o/v/2/geforce-rtx-3050-twin-x2-oc-inno3d-original-imagdd659zuctvzj.jpeg?q=70&crop=false,26,2
98,Inno3D NVIDIA GEFORCE RTX 4070 TWIN X2 12 GB GDDR6X Graphics Card,52999,No rating,https://rukminim2.flixcart.com/image/416/416/xif0q/graphics-card/f/m/q/geforce-rtx-4070-twin-x2-inno3d-original-imagpyg6khppytff.jpeg?q=70&crop=false,No rating ,No rating 
99,ZOTAC NVIDIA ZT-T20600H-10M 6 GB GDDR6 Graphics Card,25499,['3.5'],https://rukminim2.flixcart.com/image/416/416/kex5ci80/graphics-card/s/z/z/zotac-zt-t20600h-10m-original-imafvh7gmbhnhjrg.jpeg?q=70&crop=false,4,0
100,Sapphire AMD/ATI NITRO+ AMD Radeon RX 7800 XT 16GB 16 GB GDDR6 Graphics Card,73500,No rating,https://rukminim2.flixcart.com/image/416/416/xif0q/graphics-card/l/j/j/nitro-amd-radeon-rx-7800-xt-16gb-sapphire-original-imagvz3byefkcmx4.jpeg?q=70&crop=false,No rating ,No rating 
101,ASUS NVIDIA Dual NVIDIA GeForce RTX 4060 OC 8GB GDDR6 Gaming Graphics card white 8 GB GDDR6 Graphics Card,37199,['4.5'],https://rukminim2.flixcart.com/image/416/416/xif0q/graphics-card/c/l/y/dual-nvidia-geforce-rtx-4060-oc-8gb-gddr6-gaming-graphics-card-original-imagtykzhre7zwgr.jpeg?q=70&crop=false,13,4
102,Inno3D NVIDIA GeForce RTX 2060 Super Twin X2 OC 8 GB GDDR6 Graphics Card,29999,['4.6'],https://rukminim2.flixcart.com/image/416/416/xif0q/graphics-card/o/q/q/n20602-06d6-1710va15l-geforce-original-imagfwczaukxds3s.jpeg?q=70&crop=false,10,1
103,MSI NVIDIA GeForce RTX™ 3050 VENTUS 2X OC 8 GB GDDR6 Graphics Card,22499,No rating,https://rukminim2.flixcart.com/image/416/416/xif0q/graphics-card/l/0/y/geforce-rtx-3050-ventus-2x-oc-msi-original-imah3agghsgvxzfg.jpeg?q=70&crop=false,No rating ,No rating 
104,Inno3D NVIDIA GEFORCE RTX 3060 Ti iChill X3 RED LHR 8 GB GDDR6 Graphics Card,49499,['3.7'],https://rukminim2.flixcart.com/image/416/416/l0lbrm80/graphics-card/o/a/l/geforce-rtx-3060-ti-ichill-x3-red-lhr-inno3d-original-imagcbra3vtxd4fg.jpeg?q=70&crop=false,7,1
105,MSI NVIDIA GeForce RTX 3070 VENTUS 3X PLUS 8G OC LHR 8GB GDDR6 256-bit 8 GB GDDR6 Graphics Card,44999,['4.8'],https://rukminim2.flixcart.com/image/416/416/l3bx5e80/graphics-card/g/r/j/geforce-rtx-3070-ventus-3x-plus-8g-oc-lhr-8gb-gddr6-256-bit-msi-original-imageh5fsypchuap.jpeg?q=70&crop=false,5,0
106,ogheo AMD/ATI RX580 8 GB GDDR5 Graphics Card,40000,No rating,https://rukminim2.flixcart.com/image/416/416/kylvr0w0/graphics-card/e/r/y/rx580-ogheo-original-imagat69jnhgaesh.jpeg?q=70&crop=false,No rating ,No rating 
107,ZOTAC NVIDIA GAMING GeForce RTX 4070 Ti Trinity OC White Edition 12 GB GDDR6X Graphics Card,81499,No rating,https://rukminim2.flixcart.com/image/416/416/xif0q/graphics-card/e/o/d/gaming-geforce-rtx-4070-ti-trinity-oc-white-edition-zotac-original-imagqcprqmmvyy7z.jpeg?q=70&crop=false,No rating ,No rating 
108,Colorful NVIDIA RTX-3080 Ti 12 GB GDDR6X Graphics Card,99999,['4.4'],https://rukminim2.flixcart.com/image/416/416/l37mtu80/graphics-card/k/9/r/battle-ax-colorful-original-imagedpfkt5a6kzz.jpeg?q=70&crop=false,16,3
109,ASUS AMD/ATI TUF Gaming Radeon RX 7900 XTX OC Edition 24 GB GDDR6 Graphics Card,101149,No rating,https://rukminim2.flixcart.com/image/416/416/xif0q/graphics-card/w/8/i/tuf-gaming-radeon-rx-7900-xtx-oc-edition-asus-original-imagy7yhr7q6wgse.jpeg?q=70&crop=false,No rating ,No rating 
110,Sapphire AMD/ATI 11339-04-20G 16 GB GDDR6 Graphics Card,33789,No rating,https://rukminim2.flixcart.com/image/416/416/xif0q/graphics-card/r/g/8/11339-04-20g-sapphire-original-imahfehf9ehshz9m.jpeg?q=70&crop=false,No rating ,No rating 
111,NULL,NULL,NULL,NULL,NULL,NULL
112,ZOTAC NVIDIA RTX 3050 Twin Edge OC 8 GB GDDR6 Graphics Card,32999,['4.8'],https://rukminim2.flixcart.com/image/416/416/kz1lle80/graphics-card/n/n/g/rtx-3050-twin-edge-oc-zotac-original-imagb4fz5nrh3z3p.jpeg?q=70&crop=false,8,0
113,ASRock AMD Radeon RX6800XT PGD 16 GB GDDR6 Graphics Card,94999,No rating,https://rukminim2.flixcart.com/image/416/416/l2m78280/graphics-card/q/b/m/rx6800xt-pgd-asrock-original-imagdxa7jj9hwfhc.jpeg?q=70&crop=false,No rating ,No rating 
114,ZOTAC NVIDIA GEFORCE RTX 4060 SOLO 8 GB GDDR6 Graphics Card,30699,['4.3'],https://rukminim2.flixcart.com/image/416/416/xif0q/graphics-card/t/v/i/geforce-rtx-4060-solo-zotac-original-imagrdh9hq4sydxe.jpeg?q=70&crop=false,8,1
115,ZOTAC NVIDIA GAMING GEFORE RTX 3050 ECO SOLO 8 GB GDDR6 Graphics Card,20737,No rating,https://rukminim2.flixcart.com/image/416/416/xif0q/graphics-card/o/b/j/gaming-gefore-rtx-3050-eco-solo-zotac-original-imagxauyfknajxyt.jpeg?q=70&crop=false,No rating ,No rating 
116,Inno3D NVIDIA GEFORCE RTX 3060 TI ITWIN X2 LHR 8 GB GDDR6 Graphics Card,41499,['4.3'],https://rukminim2.flixcart.com/image/416/416/l1whaq80/graphics-card/t/l/y/geforce-rtx-3060-ti-itwin-x2-lhr-inno-3d-original-imagdd658kyenytg.jpeg?q=70&crop=false,35,2
117,ASRock AMD Radeon RX6600XT CLD 8 GB GDDR6 Graphics Card,29999,['4.5'],https://rukminim2.flixcart.com/image/416/416/l2m78280/graphics-card/i/g/8/rx6600xt-cld-asrock-original-imagdxa2skgpfdkc.jpeg?q=70&crop=false,25,4
118,MSI AMD Radeon Radeon RX 6600 MECH 2X 8G 8 GB GDDR6 Graphics Card,34499,['4.6'],https://rukminim2.flixcart.com/image/416/416/kz4gh3k0/graphics-card/b/t/e/radeon-rx-6600-mech-2x-8g-msi-original-imagb7fz7v5gecbg.jpeg?q=70&crop=false,14,6
119,ZOTAC NVIDIA GEFORCE RTX 4070 Twin Edge OC White Edition 12 GB GDDR6X Graphics Card,58999,No rating,https://rukminim2.flixcart.com/image/416/416/xif0q/graphics-card/v/s/g/geforce-rtx-4070-twin-edge-oc-white-edition-zotac-original-imagraawkkcb86dj.jpeg?q=70&crop=false,No rating ,No rating 
120,ASUS NVIDIA Dual NVIDIA GeForce RTX3050-8G-V2 Gaming Graphics card 8 GB GDDR6 Graphics Card,29999,No rating,https://rukminim2.flixcart.com/image/416/416/xif0q/graphics-card/n/j/t/dual-nvidia-geforce-rtx3050-8g-v2-gaming-graphics-card-asus-original-imagtykq4jvaawht.jpeg?q=70&crop=false,No rating ,No rating 
121,ASUS AMD Radeon DUAL-RX6600-8G-V2/ DUAL-RX6600-8G-V3 8 GB GDDR6 Graphics Card,21699,['4.6'],https://rukminim2.flixcart.com/image/416/416/xif0q/graphics-card/l/f/4/dual-amd-radeon-rx-6600-8gb-gddr6-gaming-graphics-card-asus-original-imagtms6m22jhnya.jpeg?q=70&crop=false,50,3
122,Inno3D NVIDIA GEFORCE RTX 4070 Ti X3 OC 12GB WHITE - N407T3-126XX-186148W 12 GB GDDR6X Graphics Card,78299,No rating,https://rukminim2.flixcart.com/image/416/416/xif0q/graphics-card/k/n/c/geforce-rtx-4070-ti-x3-oc-12gb-white-n407t3-126xx-186148w-inno3d-original-imagt9zhpdear3nw.jpeg?q=70&crop=false,No rating ,No rating 
123,GIGABYTE AMD Radeon GV-R66XTEAGLE-8GD 8 GB GDDR6 Graphics Card,33999,No rating,https://rukminim2.flixcart.com/image/416/416/l0h1g280/graphics-card/l/m/1/gv-r66xteagle-8gd-gigabyte-original-imagc9y7zb5cjy9x.jpeg?q=70&crop=false,No rating ,No rating 
124,Inno3D NVIDIA NVIDIA GEFORCE RTX 4060 TI Twin X2 OC 16GB GDDR6 128-bit 16 GB GDDR6 Graphics Card,41875,No rating,https://rukminim2.flixcart.com/image/416/416/xif0q/graphics-card/f/h/q/nvidia-geforce-rtx-4060-ti-twin-x2-oc-16gb-gddr6-128-bit-inno3d-original-imah4dgang2fkzzh.jpeg?q=70&crop=false,No rating ,No rating 
125,GIGABYTE NVIDIA GV-N4060WF2OC-8GD 8 GB GDDR6 Graphics Card,29499,No rating,https://rukminim2.flixcart.com/image/416/416/xif0q/graphics-card/o/y/y/gv-n4060wf2oc-8gd-gigabyte-original-imagsvvnzygztzmn.jpeg?q=70&crop=false,No rating ,No rating 
126,ASUS AMD/ATI TUF Gaming Radeon RX 7800 XT OC Edition 16 GB GDDR6 Graphics Card,55949,No rating,https://rukminim2.flixcart.com/image/416/416/xif0q/graphics-card/x/q/m/tuf-gaming-radeon-rx-7800-xt-oc-edition-asus-original-imagy7yhtmthgtzw.jpeg?q=70&crop=false,No rating ,No rating 
127,ASUS NVIDIA DUAL RTX4060TI OC 8GB GDDR6 Gaming Graphics card 8 GB GDDR6 Graphics Card,47500,No rating,https://rukminim2.flixcart.com/image/416/416/xif0q/graphics-card/e/q/b/dual-rtx4060ti-oc-8gb-gddr6-gaming-graphics-card-asus-original-imagtyhxu23ck7y3.jpeg?q=70&crop=false,No rating ,No rating 
128,"AMD AMD Radeon Sapphire Pulse Radeon™ RX 6800 Graphic Card with 16 GB GDDR6, RDNA™ 16 GB GDDR6 Graphics Card",67999,No rating,https://rukminim2.flixcart.com/image/416/416/l0vbukw0/graphics-card/j/v/i/sapphire-pulse-radeon-rx-6800-graphic-card-with-16-gb-gddr6-rdna-original-imagckhgexfjfvrm.jpeg?q=70&crop=false,No rating ,No rating 
129,MSI AMD Radeon Radeon RX 6700 XT MECH 2X 12G OC 12 GB GDDR6 Graphics Card,48999,No rating,https://rukminim2.flixcart.com/image/416/416/kz4gh3k0/graphics-card/7/7/5/radeon-rx-6700-xt-mech-2x-12g-oc-msi-original-imagb7fnpmcfjhbr.jpeg?q=70&crop=false,No rating ,No rating 
130,ASUS AMD/ATI TUF Gaming Radeon RX 7900 XT OC Edition 20 GB GDDR6 Graphics Card,80899,No rating,https://rukminim2.flixcart.com/image/416/416/xif0q/graphics-card/v/n/l/tuf-gaming-radeon-rx-7900-xt-oc-edition-asus-original-imagy7yhffqjkddw.jpeg?q=70&crop=false,No rating ,No rating 
131,MSI AMD/ATI Radeon RX 6700 XT MECH 2X 12G 12 GB GDDR6 Graphics Card,45999,['3.5'],https://rukminim2.flixcart.com/image/416/416/l3929ow0/graphics-card/c/w/9/radeon-rx-6700-xt-mech-2x-12g-msi-original-imagefyyvrh6jcdu.jpeg?q=70&crop=false,6,0
132,Inno3D NVIDIA GEFORCE RTX 3080 Ti iChill X3 12 GB GDDR6X Graphics Card,134999,No rating,https://rukminim2.flixcart.com/image/416/416/l0lbrm80/graphics-card/k/h/n/geforce-rtx-3080-ti-ichill-x3-inno3d-original-imagcbr97kpggguv.jpeg?q=70&crop=false,No rating ,No rating 
133,GIGABYTE AMD Radeon GV-R69XTAORUS M-16GD 16 GB GDDR6 Graphics Card,149999,No rating,https://rukminim2.flixcart.com/image/416/416/l0h1g280/graphics-card/n/f/x/gv-r69xtaorus-m-16gd-gigabyte-original-imagc9y8tegm7fha.jpeg?q=70&crop=false,No rating ,No rating 
134,ZOTAC NVIDIA GAMING GeForce RTX 4070 Twin Edge OC 12 GB GDDR6X Graphics Card,54799,No rating,https://rukminim2.flixcart.com/image/416/416/xif0q/graphics-card/g/w/0/gaming-geforce-rtx-4070-twin-edge-oc-zotac-original-imagqbq3deu86eqh.jpeg?q=70&crop=false,No rating ,No rating 
135,MSI NVIDIA GeForce RTX 3080 SUPRIM X 12G LHR 12 GB GDDR6X Graphics Card,139999,No rating,https://rukminim2.flixcart.com/image/416/416/kz4gh3k0/graphics-card/m/8/w/geforce-rtx-3080-suprim-x-12g-lhr-msi-original-imagb7fnggcheheq.jpeg?q=70&crop=false,No rating ,No rating 
136,GIGABYTE AMD Radeon GV-R65XTEAGLE-4GD 4 GB GDDR6 Graphics Card,23499,No rating,https://rukminim2.flixcart.com/image/416/416/l0h1g280/graphics-card/j/i/a/gv-r65xteagle-4gd-gigabyte-original-imagc9y7y6kyegnj.jpeg?q=70&crop=false,No rating ,No rating 
137,MSI AMD Radeon Radeon RX 6600 XT MECH 2X 8G OC 8 GB GDDR6 Graphics Card,35999,No rating,https://rukminim2.flixcart.com/image/416/416/l3929ow0/graphics-card/c/5/o/radeon-rx-6600-xt-mech-2x-8g-oc-msi-original-imagefyy96dp6wzg.jpeg?q=70&crop=false,No rating ,No rating 
138,ZOTAC NVIDIA RTX 3070 Ti Trinity 8 GB GDDR6X Graphics Card,66499,['3.5'],https://rukminim2.flixcart.com/image/416/416/kwtkxow0/graphics-card/o/v/1/rtx-3070-ti-trinity-zotac-original-imag9ez4yvx2rrut.jpeg?q=70&crop=false,4,2
139,MSI NVIDIA GeForce RTX 4070 Ti SUPER 16G VENTUS 2X OC 16 GB GDDR6X Graphics Card,94999,No rating,https://rukminim2.flixcart.com/image/416/416/xif0q/graphics-card/m/u/p/geforce-rtx-4070-ti-super-16g-ventus-2x-oc-msi-original-imagxjwysthpzhxq.jpeg?q=70&crop=false,No rating ,No rating 
140,MSI NVIDIA GeForce RTX 3090 GAMING X TRIO 24G 24 GB GDDR6 Graphics Card,178999,No rating,https://rukminim2.flixcart.com/image/416/416/l0pm3680/graphics-card/j/g/5/geforce-rtx-3090-gaming-x-trio-24g-msi-original-imagcfsjbdamqqye.jpeg?q=70&crop=false,No rating ,No rating 
141,Colorful NVIDIA GTX-1650 4 GB GDDR6 Graphics Card,18999,['4.3'],https://rukminim2.flixcart.com/image/416/416/l37mtu80/graphics-card/o/n/l/battle-ax-colorful-original-imagedphrvgkuyv2.jpeg?q=70&crop=false,24,2
142,ZOTAC NVIDIA GEFORCE RTX 4070 AMP AIRO 12 GB GDDR6X Graphics Card,63449,No rating,https://rukminim2.flixcart.com/image/416/416/xif0q/graphics-card/l/t/y/geforce-rtx-4070-amp-airo-zotac-original-imagra23tgrbhhgy.jpeg?q=70&crop=false,No rating ,No rating 
143,MSI NVIDIA GeForce RTX 4070 SUPER 12G GAMING X SLIM WHITE 12 GB GDDR6X Graphics Card,88330,No rating,https://rukminim2.flixcart.com/image/416/416/xif0q/graphics-card/u/3/g/geforce-rtx-4070-super-12g-gaming-x-slim-white-msi-original-imagxhg7basrqbya.jpeg?q=70&crop=false,No rating ,No rating 
144,ASRock AMD Radeon RX6500XT PGD 4 GB GDDR6 Graphics Card,21999,['4.5'],https://rukminim2.flixcart.com/image/416/416/l2m78280/graphics-card/o/r/v/rx6500xt-pgd-asrock-original-imagdxayfp2svavs.jpeg?q=70&crop=false,6,1
145,MSI AMD Radeon Radeon RX 6600 ARMOR 8G 8 GB GDDR6 Graphics Card,32999,['4.2'],https://rukminim2.flixcart.com/image/416/416/kz4gh3k0/graphics-card/j/g/g/radeon-rx-6600-armor-8g-msi-original-imagb7fzzzpgwjav.jpeg?q=70&crop=false,9,0
146,MSI NVIDIA RTX 3090 Ti GAMING X TRIO 24G 24 GB GDDR6X Graphics Card,156999,No rating,https://rukminim2.flixcart.com/image/416/416/l1l1rww0/graphics-card/o/k/l/rtx-3090-ti-gaming-x-trio-24g-msi-original-imagd497e8zduphd.jpeg?q=70&crop=false,No rating ,No rating 
147,NULL,NULL,NULL,NULL,NULL,NULL
148,MSI NVIDIA GeForce RTX 4060 Ti GAMING X SLIM WHITE 8G 8 GB GDDR6 Graphics Card,49468,No rating,https://rukminim2.flixcart.com/image/416/416/xif0q/graphics-card/w/n/z/geforce-rtx-4060-ti-gaming-x-slim-white-8g-msi-original-imagunxctf9k9x7a.jpeg?q=70&crop=false,No rating ,No rating 
149,GIGABYTE AMD Radeon GV-R65XTGAMING OC-4GD 4 GB GDDR6 Graphics Card,25999,No rating,https://rukminim2.flixcart.com/image/416/416/l0h1g280/graphics-card/m/d/f/gv-r65xtgaming-oc-4gd-gigabyte-original-imagc9y7mfdwjk2d.jpeg?q=70&crop=false,No rating ,No rating 
150,NULL,NULL,NULL,NULL,NULL,NULL
151,GALAX NVIDIA GeForce GTX 1660 Super 6 gb 6 GB GDDR5 Graphics Card,25449,No rating,https://rukminim2.flixcart.com/image/416/416/xif0q/graphics-card/i/x/t/geforce-gtx-1660-super-6-gb-galax-original-imah4kj4tpmks4za.jpeg?q=70&crop=false,No rating ,No rating 
152,MSI NVIDIA GeForce RTX 3050 GAMING X 8G 8 GB GDDR6 Graphics Card,32999,['4.4'],https://rukminim2.flixcart.com/image/416/416/l1xwqkw0/graphics-card/p/s/d/geforce-rtx-3050-gaming-x-8g-msi-original-imagdefzefxhmkfu.jpeg?q=70&crop=false,27,6
153,ASUS AMD/ATI TUF-RX7900XTX-O24G-GAMING 24 GB GDDR6 Graphics Card,103149,No rating,https://rukminim2.flixcart.com/image/416/416/xif0q/graphics-card/i/o/p/radeon-rx-7900-xtx-asus-original-imaghmt2fngd37gb.jpeg?q=70&crop=false,No rating ,No rating 
154,ZOTAC NVIDIA RTX 3080 Ti Trinity OC 12 GB GDDR6X Graphics Card,96999,No rating,https://rukminim2.flixcart.com/image/416/416/kwpam4w0/graphics-card/c/b/x/rtx-3080-ti-trinity-oc-zotac-original-imag9bgzyqgb3pzh.jpeg?q=70&crop=false,No rating ,No rating 
155,GIGABYTE NVIDIA 1660 Super 6 GB GDDR6 Graphics Card,19999,['3.3'],https://rukminim2.flixcart.com/image/416/416/xif0q/graphics-card/3/2/m/1660-super-gigabyte-original-imagtujzfxsrynaq.jpeg?q=70&crop=false,4,1
156,Inno3D NVIDIA GRFORCE RTX 4070 TWIN X2 OC 12 GB GDDR6X Graphics Card,65300,No rating,https://rukminim2.flixcart.com/image/416/416/xif0q/graphics-card/0/t/y/grforce-rtx-4070-twin-x2-oc-inno3d-original-imagpyg6by6gpgqd.jpeg?q=70&crop=false,No rating ,No rating 
157,ZOTAC NVIDIA RTX 3060 Ti Twin Edge LHR 8 GB GDDR6 Graphics Card,49999,['4.4'],https://rukminim2.flixcart.com/image/416/416/kwtkxow0/graphics-card/l/f/k/rtx-3060-ti-twin-edge-lhr-zotac-original-imag9ez4xfg2vrrs.jpeg?q=70&crop=false,53,4
158,GIGABYTE AMD Radeon GV-R69XTGAMING OC-16GD 16 GB GDDR6 Graphics Card,139999,No rating,https://rukminim2.flixcart.com/image/416/416/l0h1g280/graphics-card/i/m/j/gv-r69xtgaming-oc-16gd-gigabyte-original-imagc9y85mjxq5gg.jpeg?q=70&crop=false,No rating ,No rating 
159,ZOTAC NVIDIA RTX 3060 AMP White Edition 12 GB GDDR6 Graphics Card,32609,['4.5'],https://rukminim2.flixcart.com/image/416/416/kwtkxow0/graphics-card/a/0/4/rtx-3060-amp-white-edition-zotac-original-imag9ezfqdvmtgvj.jpeg?q=70&crop=false,4,1
160,ASUS NVIDIA Dual NVIDIA GeForce RTX3050-8G-V2 Gaming Graphics card 8 GB GDDR6 Graphics Card,29999,No rating,https://rukminim2.flixcart.com/image/416/416/xif0q/graphics-card/n/j/t/dual-nvidia-geforce-rtx3050-8g-v2-gaming-graphics-card-asus-original-imagtykq4jvaawht.jpeg?q=70&crop=false,No rating ,No rating 
161,ASUS AMD Radeon DUAL-RX6600-8G-V2/ DUAL-RX6600-8G-V3 8 GB GDDR6 Graphics Card,21699,['4.6'],https://rukminim2.flixcart.com/image/416/416/xif0q/graphics-card/l/f/4/dual-amd-radeon-rx-6600-8gb-gddr6-gaming-graphics-card-asus-original-imagtms6m22jhnya.jpeg?q=70&crop=false,50,3
162,Inno3D NVIDIA GEFORCE RTX 3070 Ti X3 8 GB GDDR6X Graphics Card,52999,['4'],https://rukminim2.flixcart.com/image/416/416/l0lbrm80/graphics-card/e/z/a/geforce-rtx-3070-ti-x3-inno3d-original-imagcbrdsf7zhaey.jpeg?q=70&crop=false,4,0
163,ASUS AMD Radeon Dual RX 6650XT OC 8 GB GDDR6 Graphics Card,39999,['3.5'],https://rukminim2.flixcart.com/image/416/416/xif0q/graphics-card/v/4/r/dual-rx-6650xt-oc-asus-original-imagg4af2qqdgege.jpeg?q=70&crop=false,6,0
164,Inno3D NVIDIA NVIDIA GEFORCE RTX 4070 Twin X2 OC 12GB GDDR6X 192-bit 12 GB GDDR6 Graphics Card,53925,No rating,https://rukminim2.flixcart.com/image/416/416/xif0q/graphics-card/9/s/5/nvidia-geforce-rtx-4070-twin-x2-oc-12gb-gddr6x-192-bit-inno3d-original-imah4dgaqkbcnasx.jpeg?q=70&crop=false,No rating ,No rating 
165,MSI NVIDIA RTX 3060 GAMING 12 GB GDDR6 Graphics Card,39999,['4.4'],https://rukminim2.flixcart.com/image/416/416/kqpj4i80/graphics-card/a/f/4/geforce-rtx-3060-ti-gaming-x-12g-192-bit-l-pci-express-gen-4-original-imag4nyryterka6t.jpeg?q=70&crop=false,57,10
166,ASUS AMD/ATI TUF Gaming Radeon RX 7800 XT OC Edition 16 GB GDDR6 Graphics Card,55949,No rating,https://rukminim2.flixcart.com/image/416/416/xif0q/graphics-card/x/q/m/tuf-gaming-radeon-rx-7800-xt-oc-edition-asus-original-imagy7yhtmthgtzw.jpeg?q=70&crop=false,No rating ,No rating 
167,ASUS NVIDIA DUAL RTX4060TI OC 8GB GDDR6 Gaming Graphics card 8 GB GDDR6 Graphics Card,47500,No rating,https://rukminim2.flixcart.com/image/416/416/xif0q/graphics-card/e/q/b/dual-rtx4060ti-oc-8gb-gddr6-gaming-graphics-card-asus-original-imagtyhxu23ck7y3.jpeg?q=70&crop=false,No rating ,No rating 
168,NULL,NULL,NULL,NULL,NULL,NULL
169,Inno3D NVIDIA GEFORCE RTX 3090 iChill Frostbite 24 GB GDDR6X Graphics Card,149999,No rating,https://rukminim2.flixcart.com/image/416/416/l0lbrm80/graphics-card/m/k/s/geforce-rtx-3090-ichill-frostbite-inno3d-original-imagcbrbamx8x4ea.jpeg?q=70&crop=false,No rating ,No rating 
170,ASUS AMD/ATI TUF Gaming Radeon RX 7900 XT OC Edition 20 GB GDDR6 Graphics Card,80899,No rating,https://rukminim2.flixcart.com/image/416/416/xif0q/graphics-card/v/n/l/tuf-gaming-radeon-rx-7900-xt-oc-edition-asus-original-imagy7yhffqjkddw.jpeg?q=70&crop=false,No rating ,No rating 
171,GALAX NVIDIA GEFORCE RTX 3060 1-click OC 8 GB GDDR6 Graphics Card,26999,No rating,https://rukminim2.flixcart.com/image/416/416/xif0q/graphics-card/g/4/k/geforce-rtx-3060-1-click-oc-galax-original-imagw4twsfjekera.jpeg?q=70&crop=false,No rating ,No rating 
172,GIGABYTE NVIDIA GeForce RTX™ 3060 VISION OC 12G 12 GB GDDR6 Graphics Card,88600,No rating,https://rukminim2.flixcart.com/image/416/416/xif0q/graphics-card/q/h/n/geforce-rtx-3060-vision-oc-12g-gigabyte-original-imaghag2ahvu9ddd.jpeg?q=70&crop=false,No rating ,No rating 
173,PowerColor AMD Radeon Fighter 6700XT 12 GB GDDR6 Graphics Card,62890,['4.2'],https://rukminim2.flixcart.com/image/416/416/l2nmnww0/graphics-card/p/y/r/fighter-6700xt-powercolor-original-imagdy45ph2nhzkv.jpeg?q=70&crop=false,14,4
174,NULL,NULL,NULL,NULL,NULL,NULL
175,Colorful NVIDIA iGame Ultra OC 8 GB GDDR6 Graphics Card,18999,No rating,https://rukminim2.flixcart.com/image/416/416/xif0q/graphics-card/x/q/r/igame-ultra-oc-colorful-original-imah4qpq9qbp6gsm.jpeg?q=70&crop=false,No rating ,No rating 
176,GIGABYTE NVIDIA 4060-Eagle OC 8 GB GDDR6 Graphics Card,30499,No rating,https://rukminim2.flixcart.com/image/416/416/xif0q/graphics-card/o/c/u/4060-eagle-oc-gigabyte-original-imagrxvsxm3vwnxm.jpeg?q=70&crop=false,No rating ,No rating 
177,Sapphire AMD/ATI 11323-02-20G 20 GB GDDR6 Graphics Card,82999,No rating,https://rukminim2.flixcart.com/image/416/416/xif0q/graphics-card/o/h/m/11323-02-20g-sapphire-original-imagufpyjz9vqzbs.jpeg?q=70&crop=false,No rating ,No rating 
178,NULL,NULL,NULL,NULL,NULL,NULL
179,NULL,NULL,NULL,NULL,NULL,NULL
180,NULL,NULL,NULL,NULL,NULL,NULL
181,NULL,NULL,NULL,NULL,NULL,NULL
182,Sapphire AMD/ATI 11335-04-20G 12 GB GDDR6 Graphics Card,41349,No rating,https://rukminim2.flixcart.com/image/416/416/xif0q/graphics-card/p/t/x/11335-04-20g-sapphire-original-imahfehezzdcgdkh.jpeg?q=70&crop=false,No rating ,No rating 
183,NULL,NULL,NULL,NULL,NULL,NULL
184,Colorful NVIDIA RTX-3070 Ti 8 GB GDDR6 Graphics Card,49999,['3.3'],https://rukminim2.flixcart.com/image/416/416/l37mtu80/graphics-card/t/e/g/igame-ultra-colorful-original-imagedpfuhtqzgww.jpeg?q=70&crop=false,8,1
185,NULL,NULL,NULL,NULL,NULL,NULL
186,NULL,NULL,NULL,NULL,NULL,NULL
187,NULL,NULL,NULL,NULL,NULL,NULL
188,Geforce NVIDIA 3050 8 GB GDDR6 Graphics Card,34500,No rating,https://rukminim2.flixcart.com/image/416/416/xif0q/graphics-card/a/i/s/3050-geforce-original-imagg9qkq2pqbtfx.jpeg?q=70&crop=false,No rating ,No rating 
189,NULL,NULL,NULL,NULL,NULL,NULL
190,NULL,NULL,NULL,NULL,NULL,NULL
191,NULL,NULL,NULL,NULL,NULL,NULL
192,NULL,NULL,NULL,NULL,NULL,NULL
193,Inno3D NVIDIA 3090 x4 4 GB GDDR6X Graphics Card,298900,No rating,https://rukminim2.flixcart.com/image/416/416/klqx30w0/graphics-card/y/8/k/rtx-3090-inno3d-original-imagytf5svszccgr.jpeg?q=70&crop=false,No rating ,No rating 
194,XFX AMD Radeon Speedster QICK210 RX 6500XT Black Edition 4 GB GDDR6 Graphics Card,15868,No rating,https://rukminim2.flixcart.com/image/416/416/xif0q/graphics-card/b/5/g/speedster-qick210-rx-6500xt-black-edition-xfx-original-imagjzuj8suxzchu.jpeg?q=70&crop=false,No rating ,No rating 
195,gigabtye NVIDIA ?GV-N4060GAMING OC-8GD 8 GB GDDR6 Graphics Card,34999,No rating,https://rukminim2.flixcart.com/image/416/416/xif0q/graphics-card/7/m/r/gv-n4060gaming-oc-8gd-gigabtye-original-imagsvwbbcwh4xfh.jpeg?q=70&crop=false,No rating ,No rating 
196,Geforce NVIDIA 1660 Super 6 GB GDDR6X Graphics Card,60000,No rating,https://rukminim2.flixcart.com/image/416/416/xif0q/graphics-card/1/f/p/1660-super-geforce-original-imagg9qkkca3uvzg.jpeg?q=70&crop=false,No rating ,No rating 
197,NULL,NULL,NULL,NULL,NULL,NULL
198,"AMD AMD Radeon Sapphire NITRO+ Radeon™ RX 6600 XT Graphic Card with 8 GB GDDR6, RDNA™ 2 8 GB GDDR6 Graphics Card",37999,['3.8'],https://rukminim2.flixcart.com/image/416/416/l0vbukw0/graphics-card/t/x/2/sapphire-nitro-radeon-rx-6600-xt-graphic-card-with-8-gb-gddr6-original-imagckhjrephfzmz.jpeg?q=70&crop=false,16,1
199,MSI NVIDIA GeForce RTX 4070 12 GB GDDR6X Graphics Card,57137,No rating,https://rukminim2.flixcart.com/image/416/416/xif0q/graphics-card/k/s/f/geforce-rtx-4070-msi-original-imahfephjzhdfn3b.jpeg?q=70&crop=false,No rating ,No rating 
200,ASUS NVIDIA Dual NVIDIA GeForce RTX3050-8G-V2 Gaming Graphics card 8 GB GDDR6 Graphics Card,29999,No rating,https://rukminim2.flixcart.com/image/416/416/xif0q/graphics-card/n/j/t/dual-nvidia-geforce-rtx3050-8g-v2-gaming-graphics-card-asus-original-imagtykq4jvaawht.jpeg?q=70&crop=false,No rating ,No rating 
201,ASUS AMD Radeon DUAL-RX6600-8G-V2/ DUAL-RX6600-8G-V3 8 GB GDDR6 Graphics Card,21699,['4.6'],https://rukminim2.flixcart.com/image/416/416/xif0q/graphics-card/l/f/4/dual-amd-radeon-rx-6600-8gb-gddr6-gaming-graphics-card-asus-original-imagtms6m22jhnya.jpeg?q=70&crop=false,50,3
202,Inno3D NVIDIA GEFORCE RTX 3080 iChill X4 LHR 12 GB GDDR6X Graphics Card,89999,No rating,https://rukminim2.flixcart.com/image/416/416/l0lbrm80/graphics-card/s/q/p/geforce-rtx-3080-ichill-x4-lhr-inno3d-original-imagcbragw4vh6he.jpeg?q=70&crop=false,No rating ,No rating 
203,NULL,NULL,NULL,NULL,NULL,NULL
204,NULL,NULL,NULL,NULL,NULL,NULL
205,GALAX GeForce Nvidia NVIDIA RTX 3080 SG 10 GB GDDR6 Graphics Card,81200,No rating,https://rukminim2.flixcart.com/image/416/416/kq43iq80/graphics-card/g/b/2/rtx-3080-sg-galax-geforce-nvidia-original-imag47y7x6hbdsb9.jpeg?q=70&crop=false,No rating ,No rating 
206,ASUS AMD/ATI TUF Gaming Radeon RX 7800 XT OC Edition 16 GB GDDR6 Graphics Card,55949,No rating,https://rukminim2.flixcart.com/image/416/416/xif0q/graphics-card/x/q/m/tuf-gaming-radeon-rx-7800-xt-oc-edition-asus-original-imagy7yhtmthgtzw.jpeg?q=70&crop=false,No rating ,No rating 
207,ASUS NVIDIA DUAL RTX4060TI OC 8GB GDDR6 Gaming Graphics card 8 GB GDDR6 Graphics Card,47500,No rating,https://rukminim2.flixcart.com/image/416/416/xif0q/graphics-card/e/q/b/dual-rtx4060ti-oc-8gb-gddr6-gaming-graphics-card-asus-original-imagtyhxu23ck7y3.jpeg?q=70&crop=false,No rating ,No rating 
208,GALAX NVIDIA NVIDIA-GEFORCE-3060 12 GB GDDR6 Graphics Card,36000,No rating,https://rukminim2.flixcart.com/image/416/416/kzogn0w0/graphics-card/m/8/1/nvidia-geforce-3060-galax-original-imagbmrzzcqn2zun.jpeg?q=70&crop=false,No rating ,No rating 
209,NULL,NULL,NULL,NULL,NULL,NULL
210,ASUS AMD/ATI TUF Gaming Radeon RX 7900 XT OC Edition 20 GB GDDR6 Graphics Card,80899,No rating,https://rukminim2.flixcart.com/image/416/416/xif0q/graphics-card/v/n/l/tuf-gaming-radeon-rx-7900-xt-oc-edition-asus-original-imagy7yhffqjkddw.jpeg?q=70&crop=false,No rating ,No rating 
211,ASUS NVIDIA 1660s 6 GB GDDR6 Graphics Card,55000,No rating,https://rukminim2.flixcart.com/image/416/416/klqx30w0/graphics-card/u/7/i/1660s-asus-original-imagysqz98zh92z8.jpeg?q=70&crop=false,No rating ,No rating 
212,MSI NVIDIA GeForce RTX 3080 VENTUS 3X PLUS 12G OC LHR 12 GB GDDR6X Graphics Card,117999,No rating,https://rukminim2.flixcart.com/image/416/416/kz4gh3k0/graphics-card/a/5/l/geforce-rtx-3080-ventus-3x-plus-12g-oc-lhr-msi-original-imagb7fz7tvfdpju.jpeg?q=70&crop=false,No rating ,No rating 
213,GALEX NVIDIA 3070TI 8 GB GDDR6 Graphics Card,64999,No rating,https://rukminim2.flixcart.com/image/416/416/xif0q/graphics-card/n/u/g/3070ti-galex-original-imagg9xyfedtdegj.jpeg?q=70&crop=false,No rating ,No rating 
214,MSI NVIDIA GeForce RTX 4070 SUPER 12G VENTUS 2X OC 12 GB GDDR6X Graphics Card,77023,No rating,https://rukminim2.flixcart.com/image/416/416/xif0q/graphics-card/o/f/f/geforce-rtx-4070-super-12g-ventus-2x-oc-msi-original-imagxhg8jgbxccky.jpeg?q=70&crop=false,No rating ,No rating 
215,"AMD AMD Radeon Sapphire NITRO+ Radeon™ RX 6800 Graphic Card with 16 GB GDDR6, RDNA™ 2 16 GB GDDR6 Graphics Card",84999,No rating,https://rukminim2.flixcart.com/image/416/416/l0vbukw0/graphics-card/e/k/0/sapphire-nitro-radeon-rx-6800-graphic-card-with-16-gb-gddr6-rdna-original-imagckhgtzjfgczd.jpeg?q=70&crop=false,No rating ,No rating 
216,GIGABYTE AMD Radeon GV-R66EAGLE-8GD 8 GB GDDR6 Graphics Card,29049,No rating,https://rukminim2.flixcart.com/image/416/416/l0h1g280/graphics-card/2/j/7/gv-r66eagle-8gd-gigabyte-original-imagc9y7vmncjb5a.jpeg?q=70&crop=false,No rating ,No rating 
217,Inno3D NVIDIA GEFORCE RTX 3070 Ti X3 OC 8 GB GDDR6X Graphics Card,79999,No rating,https://rukminim2.flixcart.com/image/416/416/xif0q/graphics-card/p/j/8/geforce-rtx-3070-ti-x3-oc-inno3d-original-imagcbr9eqwhm8mx.jpeg?q=70&crop=false,No rating ,No rating 
218,GIGABYTE NVIDIA GeForce RTX™ 2060 D6 6G 6 GB GDDR6 Graphics Card,54500,No rating,https://rukminim2.flixcart.com/image/416/416/xif0q/graphics-card/y/7/g/geforce-rtx-2060-d6-6g-gigabyte-original-imaghadfb9pqbnwu.jpeg?q=70&crop=false,No rating ,No rating 
219,NULL,NULL,NULL,NULL,NULL,NULL
220,AMD AMD Radeon Sapphire Nitro 16 GB GDDR6 Graphics Card,101699,No rating,https://rukminim2.flixcart.com/image/416/416/xif0q/graphics-card/i/t/m/-original-imagmb3rmhhhyzkm.jpeg?q=70&crop=false,No rating ,No rating 
221,GIGABYTE AMD Radeon GV-R68XTGAMING OC-16GD 16 GB GDDR6 Graphics Card,78999,No rating,https://rukminim2.flixcart.com/image/416/416/l0h1g280/graphics-card/z/e/d/gv-r68xtgaming-oc-16gd-gigabyte-original-imagc9y8fpquaqjs.jpeg?q=70&crop=false,No rating ,No rating 
222,MSI AMD Radeon RX 6700 XT 12 GB GDDR6 Graphics Card,54499,No rating,https://rukminim2.flixcart.com/image/416/416/l0lbrm80/graphics-card/4/h/c/rx-6700-xt-msi-original-imagccm64t47xyyh.jpeg?q=70&crop=false,No rating ,No rating 
223,ZOTAC NVIDIA GAMING GeForce RTX 4070 Ti AMP Extreme AIRO 12 GB GDDR6X Graphics Card,89999,No rating,https://rukminim2.flixcart.com/image/416/416/xif0q/graphics-card/p/k/l/gaming-geforce-rtx-4070-ti-amp-extreme-airo-zotac-original-imagqbzya6vggkps.jpeg?q=70&crop=false,No rating ,No rating 
224,MCCANN NVIDIA MI 001 12 GB GDDR6 Graphics Card,34000,No rating,https://rukminim2.flixcart.com/image/416/416/xif0q/graphics-card/k/l/z/mi-001-mccann-original-imagr7y35cbtuq7d.jpeg?q=70&crop=false,No rating ,No rating 
225,MSI AMD Radeon Radeon RX 6800 GAMING X TRIO 16G 16 GB GDDR6 Graphics Card,71999,No rating,https://rukminim2.flixcart.com/image/416/416/kkoc70w0/graphics-card/6/f/w/radeon-rx-6800-gaming-x-trio-16g-msi-geforce-original-imafzypxmbmnsfxs.jpeg?q=70&crop=false,No rating ,No rating 
226,NASHGLOBAL NVIDIA GEFORCE RTX 3060 Ti iChill X3 RED LHR 3-max cooler fan 8 GB GDDR6 Graphics Card,41999,No rating,https://rukminim2.flixcart.com/image/416/416/xif0q/graphics-card/v/b/r/geforce-rtx-3060-ti-ichill-x3-red-lhr-3-max-cooler-fan-original-imagu8yyncwnm8zt.jpeg?q=70&crop=false,No rating ,No rating 
227,ASUS NVIDIA DUAL-RTX3060-O12G 12 GB GDDR6 Graphics Card,85000,No rating,https://rukminim2.flixcart.com/image/416/416/l1ch4sw0/graphics-card/p/r/z/dual-rtx3060-o12g-asus-original-imagcxfrmwbuytyq.jpeg?q=70&crop=false,No rating ,No rating 
228,GIGABYTE AMD Radeon GV-R66XTGAMING OC-8GD 8 GB GDDR6 Graphics Card,48999,No rating,https://rukminim2.flixcart.com/image/416/416/l0h1g280/graphics-card/k/v/g/gv-r66xtgaming-oc-8gd-gigabyte-original-imagc9y7ett5qnkz.jpeg?q=70&crop=false,No rating ,No rating 
229,NULL,NULL,NULL,NULL,NULL,NULL
230,NULL,NULL,NULL,NULL,NULL,NULL
231,nVIDIA NVIDIA RTX3070 8 GB GDDR6 Graphics Card,84900,No rating,https://rukminim2.flixcart.com/image/416/416/xif0q/graphics-card/x/q/t/rtx3070-nvidia-original-imagvypxrbyqbnsw.jpeg?q=70&crop=false,No rating ,No rating 
232,NULL,NULL,NULL,NULL,NULL,NULL
233,NULL,NULL,NULL,NULL,NULL,NULL
234,NULL,NULL,NULL,NULL,NULL,NULL
235,nVIDIA NVIDIA GEFORCE RTX 2060 Twin X2 6 GB GDDR6 Graphics Card,34500,No rating,https://rukminim2.flixcart.com/image/416/416/xif0q/graphics-card/w/b/h/geforce-rtx-2060-twin-x2-nvidia-original-imaggp8wzkntghdg.jpeg?q=70&crop=false,No rating ,No rating 
236,GALAX NVIDIA 3060 Ti 8 GB GDDR6 Graphics Card,60000,No rating,https://rukminim2.flixcart.com/image/416/416/xif0q/graphics-card/p/x/h/3060-ti-galax-original-imagg9s6g76yhgxv.jpeg?q=70&crop=false,No rating ,No rating 
237,Geforce NVIDIA 3070 Ti 8 GB GDDR6X Graphics Card,60000,No rating,https://rukminim2.flixcart.com/image/416/416/xif0q/graphics-card/q/9/f/3070-ti-geforce-original-imagg9qk4yxr7ktr.jpeg?q=70&crop=false,No rating ,No rating 
238,NULL,NULL,NULL,NULL,NULL,NULL
239,NULL,NULL,NULL,NULL,NULL,NULL
240,ASUS NVIDIA Dual NVIDIA GeForce RTX3050-8G-V2 Gaming Graphics card 8 GB GDDR6 Graphics Card,29999,No rating,https://rukminim2.flixcart.com/image/416/416/xif0q/graphics-card/n/j/t/dual-nvidia-geforce-rtx3050-8g-v2-gaming-graphics-card-asus-original-imagtykq4jvaawht.jpeg?q=70&crop=false,No rating ,No rating 
241,ASUS AMD Radeon DUAL-RX6600-8G-V2/ DUAL-RX6600-8G-V3 8 GB GDDR6 Graphics Card,21699,['4.6'],https://rukminim2.flixcart.com/image/416/416/xif0q/graphics-card/l/f/4/dual-amd-radeon-rx-6600-8gb-gddr6-gaming-graphics-card-asus-original-imagtms6m22jhnya.jpeg?q=70&crop=false,50,3
242,NULL,NULL,NULL,NULL,NULL,NULL
243,NULL,NULL,NULL,NULL,NULL,NULL
244,NULL,NULL,NULL,NULL,NULL,NULL
245,NULL,NULL,NULL,NULL,NULL,NULL
246,ASUS AMD/ATI TUF Gaming Radeon RX 7800 XT OC Edition 16 GB GDDR6 Graphics Card,55949,No rating,https://rukminim2.flixcart.com/image/416/416/xif0q/graphics-card/x/q/m/tuf-gaming-radeon-rx-7800-xt-oc-edition-asus-original-imagy7yhtmthgtzw.jpeg?q=70&crop=false,No rating ,No rating 
247,ASUS NVIDIA DUAL RTX4060TI OC 8GB GDDR6 Gaming Graphics card 8 GB GDDR6 Graphics Card,47500,No rating,https://rukminim2.flixcart.com/image/416/416/xif0q/graphics-card/e/q/b/dual-rtx4060ti-oc-8gb-gddr6-gaming-graphics-card-asus-original-imagtyhxu23ck7y3.jpeg?q=70&crop=false,No rating ,No rating 
248,NULL,NULL,NULL,NULL,NULL,NULL
249,NULL,NULL,NULL,NULL,NULL,NULL
250,ASUS AMD/ATI TUF Gaming Radeon RX 7900 XT OC Edition 20 GB GDDR6 Graphics Card,80899,No rating,https://rukminim2.flixcart.com/image/416/416/xif0q/graphics-card/v/n/l/tuf-gaming-radeon-rx-7900-xt-oc-edition-asus-original-imagy7yhffqjkddw.jpeg?q=70&crop=false,No rating ,No rating 
251,Geforce NVIDIA 2060 Super 8 GB GDDR6X Graphics Card,60000,No rating,https://rukminim2.flixcart.com/image/416/416/xif0q/graphics-card/m/t/8/2060-super-geforce-original-imagg9qk8jbqrzkz.jpeg?q=70&crop=false,No rating ,No rating 
252,nVIDIA NVIDIA Gigabyte GeForce RTX 3060 EAGLE OC 12G LHR Graphic Card GV-N3060EAGLE OC-12GD 12 GB GDDR6 Graphics Card,35499,No rating,https://rukminim2.flixcart.com/image/416/416/xif0q/graphics-card/j/a/v/gigabyte-geforce-rtx-3060-eagle-oc-12g-lhr-graphic-card-gv-original-imaghs4baztgbfz6.jpeg?q=70&crop=false,No rating ,No rating 
253,NULL,NULL,NULL,NULL,NULL,NULL
254,NULL,NULL,NULL,NULL,NULL,NULL
255,NULL,NULL,NULL,NULL,NULL,NULL
256,NULL,NULL,NULL,NULL,NULL,NULL
257,Geforce NVIDIA 1650 4 GB GDDR6X Graphics Card,60000,No rating,https://rukminim2.flixcart.com/image/416/416/xif0q/graphics-card/o/j/p/1650-geforce-original-imagg9qk3hpat9w9.jpeg?q=70&crop=false,No rating ,No rating 
258,NULL,NULL,NULL,NULL,NULL,NULL
259,Geforce NVIDIA 3060 Ti Gaming OC 8 GB GDDR6 Graphics Card,60000,No rating,https://rukminim2.flixcart.com/image/416/416/xif0q/graphics-card/h/x/x/3060-ti-gaming-oc-geforce-original-imagg9qkshshw9zg.jpeg?q=70&crop=false,No rating ,No rating 
260,NULL,NULL,NULL,NULL,NULL,NULL
261,NULL,NULL,NULL,NULL,NULL,NULL
262,NULL,NULL,NULL,NULL,NULL,NULL
263,NULL,NULL,NULL,NULL,NULL,NULL
264,NULL,NULL,NULL,NULL,NULL,NULL
265,NULL,NULL,NULL,NULL,NULL,NULL
266,NULL,NULL,NULL,NULL,NULL,NULL
267,NULL,NULL,NULL,NULL,NULL,NULL
268,NULL,NULL,NULL,NULL,NULL,NULL
269,NULL,NULL,NULL,NULL,NULL,NULL
270,NULL,NULL,NULL,NULL,NULL,NULL
271,NULL,NULL,NULL,NULL,NULL,NULL
272,NULL,NULL,NULL,NULL,NULL,NULL
273,NULL,NULL,NULL,NULL,NULL,NULL
274,NULL,NULL,NULL,NULL,NULL,NULL
275,Geforce NVIDIA 3060 Ti Eagle OC 8 GB GDDR6X Graphics Card,60000,No rating,https://rukminim2.flixcart.com/image/416/416/xif0q/graphics-card/p/k/s/3060-ti-eagle-oc-geforce-original-imagg9qkzwvyqkuc.jpeg?q=70&crop=false,No rating ,No rating 
276,NULL,NULL,NULL,NULL,NULL,NULL
277,NULL,NULL,NULL,NULL,NULL,NULL
278,NULL,NULL,NULL,NULL,NULL,NULL
279,NULL,NULL,NULL,NULL,NULL,NULL
280,ASUS NVIDIA Dual NVIDIA GeForce RTX3050-8G-V2 Gaming Graphics card 8 GB GDDR6 Graphics Card,29999,No rating,https://rukminim2.flixcart.com/image/416/416/xif0q/graphics-card/n/j/t/dual-nvidia-geforce-rtx3050-8g-v2-gaming-graphics-card-asus-original-imagtykq4jvaawht.jpeg?q=70&crop=false,No rating ,No rating 
281,ASUS AMD Radeon DUAL-RX6600-8G-V2/ DUAL-RX6600-8G-V3 8 GB GDDR6 Graphics Card,21699,['4.6'],https://rukminim2.flixcart.com/image/416/416/xif0q/graphics-card/l/f/4/dual-amd-radeon-rx-6600-8gb-gddr6-gaming-graphics-card-asus-original-imagtms6m22jhnya.jpeg?q=70&crop=false,50,3
282,NULL,NULL,NULL,NULL,NULL,NULL
283,NULL,NULL,NULL,NULL,NULL,NULL
284,NULL,NULL,NULL,NULL,NULL,NULL
285,NULL,NULL,NULL,NULL,NULL,NULL
286,ASUS AMD/ATI TUF Gaming Radeon RX 7800 XT OC Edition 16 GB GDDR6 Graphics Card,55949,No rating,https://rukminim2.flixcart.com/image/416/416/xif0q/graphics-card/x/q/m/tuf-gaming-radeon-rx-7800-xt-oc-edition-asus-original-imagy7yhtmthgtzw.jpeg?q=70&crop=false,No rating ,No rating 
287,ASUS NVIDIA DUAL RTX4060TI OC 8GB GDDR6 Gaming Graphics card 8 GB GDDR6 Graphics Card,47500,No rating,https://rukminim2.flixcart.com/image/416/416/xif0q/graphics-card/e/q/b/dual-rtx4060ti-oc-8gb-gddr6-gaming-graphics-card-asus-original-imagtyhxu23ck7y3.jpeg?q=70&crop=false,No rating ,No rating 
288,NULL,NULL,NULL,NULL,NULL,NULL
289,NULL,NULL,NULL,NULL,NULL,NULL
290,ASUS AMD/ATI TUF Gaming Radeon RX 7900 XT OC Edition 20 GB GDDR6 Graphics Card,80899,No rating,https://rukminim2.flixcart.com/image/416/416/xif0q/graphics-card/v/n/l/tuf-gaming-radeon-rx-7900-xt-oc-edition-asus-original-imagy7yhffqjkddw.jpeg?q=70&crop=false,No rating ,No rating 
291,NULL,NULL,NULL,NULL,NULL,NULL
292,NULL,NULL,NULL,NULL,NULL,NULL
293,NULL,NULL,NULL,NULL,NULL,NULL
294,NULL,NULL,NULL,NULL,NULL,NULL
295,NULL,NULL,NULL,NULL,NULL,NULL
296,NULL,NULL,NULL,NULL,NULL,NULL
297,NULL,NULL,NULL,NULL,NULL,NULL
298,NULL,NULL,NULL,NULL,NULL,NULL
